id,title,description,thumbnail_url,genre,language,total_seasons,required_packages,created_at,updated_at,views,is_active,is_adult,adult_category,rating,cast_list,search_keywords,content_purchase_enabled,content_price,content_price_days,content_purchase_packages,video_embed_code
ch_series_10,365 Days,"Massimo ni mwanachama wa familia ya Mafia ya Sicilian, na Laura ni mkurugenzi wa mauzo. Haamini kwamba wakati wa safari yake Sicily ili kujaribu kuokoa uhusiano wake, Massimo atamteketeza na kumpa siku 365 za kumpenda.
",https://m.media-amazon.com/images/M/MV5BMTg5N2U4ZTItMjc2NC00NDg2LWIzODYtOWZmNzY5Yzc5MzUxXkEyXkFqcGc@._V1_.jpg,"[""Drama"",""Romance""]",sw,,,,,,true,true,movies-ngono,,,,true,1000,1,,
ch_series_5,Happy,Mwanafunzi wa Chuo anafanya kazi ya Massage ili kupata pesa ya kuendesha Maisha Yake,https://m.media-amazon.com/images/M/MV5BMjNhODA5MjMtZWVmNy00ZGJmLWE4NDEtNTUwNmM3OGQ1N2NhXkEyXkFqcGc@._V1_.jpg,"[""Drama"",""Adult""]",sw,,,,,,true,true,movies-ngono,,,,true,1000,1,,
ch_series_6,White Girls,"Huenda usijue, lakini hata wasichana weupe wana matatizo pia. Tazama, jifunze, na uone huruma.
",https://m.media-amazon.com/images/M/MV5BMTU5NTc0NTI2M15BMl5BanBnXkFtZTcwMTUxNjUyOQ@@._V1_.jpg,"[""Adult""]",sw,,,,,,true,true,movies-ngono,,,,true,1000,1,,
ch_series_7,Private Resort,"Watu wanafurahia Maisha Beach, Nikula kunywa na Kusex",https://images.moviesanywhere.com/6ef1a958dd8ce1955c3cc6c1e44a7c69/984506e5-d36a-44fd-b970-477b5e42793d.jpg,"[""Adult""]",sw,,,,,,true,true,movies-ngono,,,,true,1000,1,,
ch_series_8,Graphic Sex,Sex Rated,https://bandsaboutmovies.com/wp-content/uploads/2022/09/0-2-1.jpeg,[],sw,,,,,,true,true,movies-ngono,,,,true,1000,1,,
ch_series_9,illicit Desire,"Mfanyakazi wa ofisini anaanza kuwa na hisia kali za kumtamani bosi wake, hali ambayo baadaye inageuka na kuwa hatari isiyoweza kudhibitiwa.
",https://m.media-amazon.com/images/M/MV5BOTUxMTEzMzQtOGJmYy00NTc4LWEwMzgtN2Y5MmZkMDExODA1XkEyXkFqcGc@._V1_.jpg,"[""Erotic"",""Thriller"",""Adult""]",sw,,,,,,true,true,movies-ngono,,,,true,1000,1,,
LjkwLmlhOvJAdNiKLXCW,Squid Game,SQUD GAME,https://vz-eadc0255-c40.b-cdn.net/b259b6c1-6b53-40c4-b99b-043e66f38174/thumbnail_d15061a5.jpg,"[""Thriller"",""Action""]",en,3,"[""FEDHA"",""CHUMA"",""DHAHABU"",""MALKIA"",""ALMASI""]",,,470,true,false,,0,[],[],false,,30,[],